SEASON_ID,Player_ID,Game_ID,GAME_DATE,MATCHUP,WL,MIN,FGM,FGA,FG_PCT,FG3M,FG3A,FG3_PCT,FTM,FTA,FT_PCT,OREB,DREB,REB,AST,STL,BLK,TOV,PF,PTS,PLUS_MINUS,VIDEO_AVAILABLE,Home
22024,201939,0022400251,"NOV 18, 2024",GSW @ LAC,L,32,10,21,0.476,6,15,0.4,0,0,0.0,1,6,7,6,0,1,3,1,26,-5,1,0
22024,201939,0022400019,"NOV 15, 2024",GSW vs. MEM,W,26,4,9,0.444,3,7,0.429,2,2,1.0,1,7,8,5,4,0,3,2,13,9,1,1
22024,201939,0022400007,"NOV 12, 2024",GSW vs. DAL,W,35,14,27,0.519,5,12,0.417,4,5,0.8,0,6,6,9,1,2,4,2,37,24,1,1
22024,201939,0022400207,"NOV 10, 2024",GSW @ OKC,W,37,13,23,0.565,7,13,0.538,3,4,0.75,1,4,5,7,1,1,3,2,36,21,1,0
22024,201939,0022400188,"NOV 08, 2024",GSW @ CLE,L,24,5,10,0.5,1,4,0.25,1,1,1.0,0,1,1,2,2,0,6,0,12,-25,1,0
22024,201939,0022400172,"NOV 06, 2024",GSW @ BOS,W,34,8,17,0.471,4,9,0.444,7,7,1.0,0,7,7,9,4,1,3,2,27,7,1,0
22024,201939,0022400155,"NOV 04, 2024",GSW @ WAS,W,24,7,15,0.467,4,9,0.444,6,6,1.0,1,2,3,6,0,0,2,1,24,9,1,0
22024,201939,0022400101,"OCT 27, 2024",GSW vs. LAC,L,27,6,11,0.545,4,7,0.571,2,2,1.0,0,4,4,6,2,1,6,1,18,2,1,1
22024,201939,0022400084,"OCT 25, 2024",GSW @ UTA,W,27,7,20,0.35,4,13,0.308,2,2,1.0,0,3,3,4,2,0,3,3,20,22,1,0
22024,201939,0022400072,"OCT 23, 2024",GSW @ POR,W,25,4,10,0.4,3,7,0.429,6,6,1.0,0,9,9,10,2,0,2,0,17,23,1,0
